{
  "train_loss": [
    1.748814114502498,
    1.0815189204045705
  ],
  "train_nce_loss": [
    1.748814114502498,
    1.0815189204045705
  ],
  "val_loss": [
    1.3052154779434204,
    0.6767526715993881
  ],
  "val_nce_loss": [
    1.3052154779434204,
    0.6767526715993881
  ],
  "val_avg_alpha": [
    2.0903678136713366,
    2.3260396480560304
  ],
  "val_std_alpha": [
    0.014126217778905185,
    0.049151847701826186
  ],
  "val_avg_tau": [
    0.6389350498423857,
    0.6010348831906038
  ],
  "val_std_tau": [
    0.005310682258009698,
    0.008802527246166985
  ],
  "val_penalty_pos": [
    0.0,
    0.0
  ],
  "val_penalty_neg": [
    0.08474036678671837,
    0.122899504378438
  ]
}